temperatura,ph,stężenie_telnu,data
10.10,6.74,11.00,12:30:46
10.10,6.74,11.00,12:30:46
10.10,6.74,11.00,12:30:47
10.10,6.76,11.00,12:30:47
10.10,6.76,11.00,12:30:48
10.10,6.74,11.00,12:30:48
10.10,6.74,11.00,12:30:49
10.10,6.74,11.00,12:30:49
10.10,6.74,11.00,12:30:50
10.10,6.74,11.00,12:30:50
10.10,6.74,11.00,12:30:51
10.10,6.74,11.00,12:30:51
10.10,6.76,11.00,12:30:52
10.10,6.74,11.00,12:30:52
10.10,6.74,11.00,12:30:53
10.10,6.74,11.00,12:30:53
10.10,6.74,11.00,12:30:54
10.10,6.74,11.00,12:30:54
10.10,6.74,11.00,12:30:55
10.10,6.74,11.00,12:30:55
10.10,6.74,11.00,12:30:56
10.10,6.74,11.00,12:30:56
10.10,6.74,11.00,12:30:57
10.10,6.74,11.00,12:30:57
10.10,6.74,11.00,12:30:58
10.10,6.74,11.00,12:30:58
10.10,6.74,11.00,12:30:59
10.10,6.74,11.00,12:30:59
10.10,6.74,11.00,12:31:00
10.10,6.74,11.00,12:31:01
10.10,6.74,11.00,12:31:01
10.10,6.74,11.00,12:31:02
10.10,6.74,11.00,12:31:02
10.10,6.74,11.00,12:31:03
10.10,6.76,11.00,12:31:03
10.10,6.76,11.00,12:31:04
10.10,6.74,11.00,12:31:04
10.10,6.74,11.00,12:31:05
10.10,6.76,11.00,12:31:05
10.10,6.74,11.00,12:31:06
10.10,6.74,11.00,12:31:06
10.10,6.74,11.00,12:31:07
10.10,6.74,11.00,12:31:07
10.10,6.74,11.00,12:31:08
10.10,6.74,11.00,12:31:08
10.10,6.74,11.00,12:31:09
10.10,6.76,11.00,12:31:09
10.10,6.76,11.00,12:31:10
10.10,6.74,11.00,12:31:10
10.10,6.74,11.00,12:31:11
10.10,6.74,11.00,12:31:11
10.10,6.74,11.00,12:31:12
10.10,6.74,11.00,12:31:12
10.10,6.74,11.00,12:31:13
10.10,6.74,11.00,12:31:13
10.10,6.76,11.00,12:31:14
10.10,6.76,11.00,12:31:14
10.10,6.74,11.00,12:31:15
10.10,6.74,11.00,12:31:15
10.10,6.74,11.00,12:31:16
10.10,6.74,11.00,12:31:16
10.10,6.74,11.00,12:31:17
10.10,6.74,11.00,12:31:17
10.10,6.74,11.00,12:31:18
10.10,6.74,11.00,12:31:18
10.10,6.74,11.00,12:31:19
10.10,6.74,11.00,12:31:19
10.10,6.74,11.00,12:31:20
10.10,6.74,11.00,12:31:20
10.10,6.74,11.00,12:31:21
10.10,6.74,11.00,12:31:21
10.10,6.74,11.00,12:31:22
10.10,6.74,11.00,12:31:22
10.10,6.74,11.00,12:31:23
10.10,6.74,11.00,12:31:23
10.10,6.74,11.00,12:31:24
10.10,6.74,11.00,12:31:24
10.10,6.74,11.00,12:31:25
10.10,6.74,11.00,12:31:25
10.10,6.74,11.00,12:31:26
10.10,6.74,11.00,12:31:26
10.10,6.74,11.00,12:31:27
10.10,6.76,11.00,12:31:27
10.10,6.74,11.00,12:31:28
10.10,6.74,11.00,12:31:28
10.10,6.74,11.00,12:31:29
10.10,6.74,11.00,12:31:29
10.10,6.76,11.00,12:31:30
10.10,6.74,11.00,12:31:30
10.10,6.74,11.00,12:31:31
10.10,6.74,11.00,12:31:31
10.10,6.74,11.00,12:31:32
10.10,6.74,11.00,12:31:32
10.10,6.74,11.00,12:31:33
10.10,6.74,11.00,12:31:33
10.10,6.74,11.00,12:31:34
10.10,6.74,11.00,12:31:34
10.10,6.74,11.00,12:31:35
10.10,6.74,11.00,12:31:35
10.10,6.74,11.00,12:31:36
10.10,6.74,11.00,12:31:36
10.10,6.76,11.00,12:31:37
10.10,6.76,11.00,12:31:37
10.10,6.76,11.00,12:31:38
10.10,6.76,11.00,12:31:38
10.10,6.76,11.00,12:31:39
10.10,6.76,11.00,12:31:39
10.10,6.74,11.00,12:31:40
10.10,6.76,11.00,12:31:40
10.10,6.76,11.00,12:31:41
10.10,6.76,11.00,12:31:41
10.10,6.76,11.00,12:31:42
10.10,6.76,11.00,12:31:42
10.10,6.76,11.00,12:31:43
10.10,6.76,11.00,12:31:43
10.10,6.74,11.00,12:31:44
10.10,6.76,11.00,12:31:44
10.10,6.74,11.00,12:31:45
10.10,6.74,11.00,12:31:45
10.10,6.76,11.00,12:31:46
10.10,6.74,11.00,12:31:46
10.10,6.74,11.00,12:31:47
10.10,6.74,11.00,12:31:47
10.10,6.74,11.00,12:31:48
10.10,6.74,11.00,12:31:48
10.10,6.74,11.00,12:31:49
10.10,6.74,11.00,12:31:49
10.10,6.74,11.00,12:31:50
10.10,6.74,11.00,12:31:50
10.10,6.74,11.00,12:31:51
10.10,6.76,11.00,12:31:51
10.10,6.74,11.00,12:31:52
10.10,6.74,11.00,12:31:52
10.10,6.74,11.00,12:31:53
10.10,6.76,11.00,12:31:53
10.10,6.74,11.00,12:31:54
10.10,6.74,11.00,12:31:54
10.10,6.74,11.00,12:31:55
10.10,6.74,11.00,12:31:55
10.10,6.74,11.00,12:31:56
10.10,6.74,11.00,12:31:56
10.10,6.74,11.00,12:31:57
10.10,6.74,11.00,12:31:57
10.10,6.74,11.00,12:31:58
10.10,6.74,11.00,12:31:58
10.10,6.74,11.00,12:31:59
10.10,6.74,11.00,12:31:59
10.10,6.76,11.00,12:32:00
10.10,6.74,11.00,12:32:00
10.10,6.76,11.00,12:32:01
10.10,6.74,11.00,12:32:01
10.10,6.74,11.00,12:32:02
10.10,6.74,11.00,12:32:02
10.10,6.76,11.00,12:32:03
10.10,6.74,11.00,12:32:03
10.10,6.74,11.00,12:32:04
10.10,6.74,11.00,12:32:04
10.10,6.74,11.00,12:32:05
10.10,6.74,11.00,12:32:05
10.10,6.74,11.00,12:32:06
10.10,6.74,11.00,12:32:06
10.10,6.74,11.00,12:32:07
10.10,6.76,11.00,12:32:07
10.10,6.74,11.00,12:32:08
10.10,6.74,11.00,12:32:08
10.10,6.74,11.00,12:32:09
10.10,6.74,11.00,12:32:09
10.10,6.74,11.00,12:32:10
10.10,6.74,11.00,12:32:10
10.10,6.74,11.00,12:32:11
10.10,6.74,11.00,12:32:11
10.10,6.74,11.00,12:32:12
10.10,6.74,11.00,12:32:12
10.10,6.76,11.00,12:32:13
10.10,6.74,11.00,12:32:13
10.10,6.74,11.00,12:32:14
10.10,6.74,11.00,12:32:14
10.10,6.74,11.00,12:32:15
10.10,6.76,11.00,12:32:15
10.10,6.74,11.00,12:32:16
10.10,6.74,11.00,12:32:16
10.10,6.74,11.00,12:32:17
10.10,6.76,11.00,12:32:17
10.10,6.74,11.00,12:32:18
10.10,6.76,11.00,12:32:18
10.10,6.74,11.00,12:32:19
10.10,6.74,11.00,12:32:19
10.10,6.74,11.00,12:32:20
10.10,6.74,11.00,12:32:20
10.10,6.74,11.00,12:32:21
10.10,6.74,11.00,12:32:21
10.10,6.74,11.00,12:32:22
10.10,6.76,11.00,12:32:22
10.10,6.74,11.00,12:32:23
10.10,6.74,11.00,12:32:23
10.10,6.74,11.00,12:32:24
10.10,6.74,11.00,12:32:24
10.10,6.74,11.00,12:32:25
10.10,6.74,11.00,12:32:25
10.10,6.74,11.00,12:32:26
10.10,6.76,11.00,12:32:26
10.10,6.74,11.00,12:32:27
10.10,6.74,11.00,12:32:27
10.10,6.76,11.00,12:32:28
10.10,6.77,11.00,12:32:28
10.10,6.76,11.00,12:32:29
10.10,6.76,11.00,12:32:29
10.10,6.76,11.00,12:32:30
10.10,6.76,11.00,12:32:30
10.10,6.76,11.00,12:32:31
10.10,6.74,11.00,12:32:31
10.10,6.74,11.00,12:32:32
10.10,6.74,11.00,12:32:32
10.10,6.76,11.00,12:32:33
10.10,6.74,11.00,12:32:33
10.10,6.76,11.00,12:32:34
10.10,6.74,11.00,12:32:34
10.10,6.74,11.00,12:32:35
10.10,6.74,11.00,12:32:35
10.10,6.74,11.00,12:32:36
10.10,6.74,11.00,12:32:36
10.10,6.74,11.00,12:32:37
10.10,6.74,11.00,12:32:37
10.10,6.74,11.00,12:32:38
10.10,6.74,11.00,12:32:38
10.10,6.76,11.00,12:32:39
10.10,6.76,11.00,12:32:39
10.10,6.74,11.00,12:32:40
10.10,6.74,11.00,12:32:40
10.10,6.74,11.00,12:32:41
10.10,6.74,11.00,12:32:41
10.10,6.74,11.00,12:32:42
10.10,6.74,11.00,12:32:42
10.10,6.74,11.00,12:32:43
10.10,6.74,11.00,12:32:43
10.10,6.74,11.00,12:32:44
10.10,6.74,11.00,12:32:44
10.10,6.74,11.00,12:32:45
10.10,6.74,11.00,12:32:45
10.10,6.74,11.00,12:32:46
10.10,6.74,11.00,12:32:46
10.10,6.74,11.00,12:32:47
10.10,6.74,11.00,12:32:47
10.10,6.74,11.00,12:32:48
10.10,6.74,11.00,12:32:48
10.10,6.74,11.00,12:32:49
10.10,6.74,11.00,12:32:49
10.10,6.74,11.00,12:32:50
10.10,6.74,11.00,12:32:50
10.10,6.74,11.00,12:32:51
10.10,6.74,11.00,12:32:51
10.10,6.74,11.00,12:32:52
10.10,6.74,11.00,12:32:52
10.10,6.74,11.00,12:32:53
10.10,6.76,11.00,12:32:53
10.10,6.74,11.00,12:32:54
10.10,6.74,11.00,12:32:54
10.10,6.74,11.00,12:32:55
10.10,6.74,11.00,12:32:55
10.10,6.74,11.00,12:32:56
10.10,6.76,11.00,12:32:56
10.10,6.74,11.00,12:32:57
10.10,6.74,11.00,12:32:57
10.10,6.74,11.00,12:32:58
10.10,6.74,11.00,12:32:58
10.10,6.74,11.00,12:32:59
10.10,6.74,11.00,12:32:59
10.10,6.74,11.00,12:33:00
10.10,6.74,11.00,12:33:00
10.10,6.76,11.00,12:33:01
10.10,6.74,11.00,12:33:01
10.10,6.74,11.00,12:33:02
10.10,6.74,11.00,12:33:02
10.10,6.74,11.00,12:33:03
10.10,6.74,11.00,12:33:03
10.10,6.74,11.00,12:33:04
10.10,6.74,11.00,12:33:04
10.10,6.74,11.00,12:33:05
10.10,6.76,11.00,12:33:05
10.10,6.74,11.00,12:33:06
10.10,6.74,11.00,12:33:06
10.10,6.74,11.00,12:33:07
10.10,6.74,11.00,12:33:07
10.10,6.74,11.00,12:33:08
10.10,6.74,11.00,12:33:08
10.10,6.74,11.00,12:33:09
10.10,6.74,11.00,12:33:09
10.10,6.74,11.00,12:33:10
10.10,6.76,11.00,12:33:10
10.10,6.74,11.00,12:33:11
10.10,6.76,11.00,12:33:11
10.10,6.74,11.00,12:33:12
10.10,6.74,11.00,12:33:12
10.10,6.74,11.00,12:33:13
10.10,6.74,11.00,12:33:13
10.10,6.76,11.00,12:33:14
10.10,6.74,11.00,12:33:14
10.10,6.74,11.00,12:33:15
10.10,6.76,11.00,12:33:15
10.10,6.74,11.00,12:33:16
10.10,6.74,11.00,12:33:16
10.10,6.74,11.00,12:33:17
10.10,6.74,11.00,12:33:17
10.10,6.74,11.00,12:33:18
10.10,6.76,11.00,12:33:18
10.10,6.76,11.00,12:33:19
10.10,6.76,11.00,12:33:19
10.10,6.76,11.00,12:33:20
10.10,6.74,11.00,12:33:20
10.10,6.74,11.00,12:33:21
10.10,6.76,11.00,12:33:21
10.10,6.76,11.00,12:33:22
10.10,6.76,11.00,12:33:22
10.10,6.76,11.00,12:33:23
10.10,6.76,11.00,12:33:23
10.10,6.76,11.00,12:33:24
10.10,6.76,11.00,12:33:24
10.10,6.76,11.00,12:33:25
10.10,6.76,11.00,12:33:25
10.10,6.76,11.00,12:33:26
10.10,6.76,11.00,12:33:26
10.10,6.74,11.00,12:33:27
10.10,6.74,11.00,12:33:27
10.10,6.74,11.00,12:33:28
10.10,6.74,11.00,12:33:28
10.10,6.74,11.00,12:33:29
10.10,6.74,11.00,12:33:29
10.10,6.74,11.00,12:33:30
10.10,6.74,11.00,12:33:30
10.10,6.74,11.00,12:33:31
10.10,6.74,11.00,12:33:31
10.10,6.74,11.00,12:33:32
10.10,6.76,11.00,12:33:32
10.10,6.74,11.00,12:33:33
10.10,6.74,11.00,12:33:33
10.10,6.74,11.00,12:33:34
10.10,6.74,11.00,12:33:34
10.10,6.74,11.00,12:33:35
10.10,6.74,11.00,12:33:35
10.10,6.74,11.00,12:33:36
10.10,6.76,11.00,12:33:36
10.10,6.74,11.00,12:33:37
10.10,6.74,11.00,12:33:37
10.10,6.74,11.00,12:33:38
10.10,6.74,11.00,12:33:38
10.10,6.74,11.00,12:33:39
10.10,6.74,11.00,12:33:39
10.10,6.74,11.00,12:33:40
10.10,6.76,11.00,12:33:40
10.10,6.74,11.00,12:33:41
10.10,6.76,11.00,12:33:41
10.10,6.74,11.00,12:33:42
10.10,6.74,11.00,12:33:42
10.10,6.74,11.00,12:33:43
10.10,6.74,11.00,12:33:43
10.10,6.74,11.00,12:33:44
10.10,6.74,11.00,12:33:44
10.10,6.74,11.00,12:33:45
10.10,6.76,11.00,12:33:45
10.10,6.74,11.00,12:33:46
10.10,6.74,11.00,12:33:46
10.10,6.74,11.00,12:33:47
10.10,6.74,11.00,12:33:47
10.10,6.74,11.00,12:33:48
10.10,6.74,11.00,12:33:48
10.10,6.74,11.00,12:33:49
10.10,6.74,11.00,12:33:49
10.10,6.76,11.00,12:33:50
10.10,6.74,11.00,12:33:50
10.10,6.74,11.00,12:33:51
10.10,6.74,11.00,12:33:51
10.10,6.74,11.00,12:33:52
10.10,6.74,11.00,12:33:52
10.10,6.74,11.00,12:33:53
10.10,6.74,11.00,12:33:53
10.10,6.76,11.00,12:33:54
10.10,6.74,11.00,12:33:54
10.10,6.76,11.00,12:33:55
10.10,6.74,11.00,12:33:55
10.10,6.74,11.00,12:33:56
10.10,6.74,11.00,12:33:56
10.10,6.74,11.00,12:33:57
10.10,6.76,11.00,12:33:57
10.10,6.74,11.00,12:33:58
10.10,6.74,11.00,12:33:58
10.10,6.74,11.00,12:33:59
10.10,6.74,11.00,12:33:59
10.10,6.74,11.00,12:34:00
10.10,6.74,11.00,12:34:00
10.10,6.74,11.00,12:34:01
10.10,6.74,11.00,12:34:01
10.10,6.74,11.00,12:34:02
10.10,6.74,11.00,12:34:02
10.10,6.76,11.00,12:34:03
10.10,6.74,11.00,12:34:03
10.10,6.74,11.00,12:34:04
10.10,6.74,11.00,12:34:04
10.10,6.74,11.00,12:34:05
10.10,6.74,11.00,12:34:05
10.10,6.74,11.00,12:34:06
10.10,6.74,11.00,12:34:06
10.10,6.74,11.00,12:34:07
10.10,6.76,11.00,12:34:07
10.10,6.76,11.00,12:34:08
10.10,6.76,11.00,12:34:08
10.10,6.76,11.00,12:34:09
10.10,6.76,11.00,12:34:09
10.10,6.76,11.00,12:34:10
10.10,6.76,11.00,12:34:10
10.10,6.76,11.00,12:34:11
10.10,6.76,11.00,12:34:11
10.10,6.74,11.00,12:34:12
10.10,6.76,11.00,12:34:12
10.10,6.76,11.00,12:34:13
10.10,6.76,11.00,12:34:13
10.10,6.77,11.00,12:34:14
10.10,6.74,11.00,12:34:14
10.10,6.74,11.00,12:34:15
10.10,6.74,11.00,12:34:15
10.10,6.74,11.00,12:34:16
10.10,6.74,11.00,12:34:16
10.10,6.74,11.00,12:34:17
10.10,6.76,11.00,12:34:17
10.10,6.74,11.00,12:34:18
10.10,6.74,11.00,12:34:18
10.10,6.74,11.00,12:34:19
10.10,6.74,11.00,12:34:19
10.10,6.74,11.00,12:34:20
10.10,6.76,11.00,12:34:20
10.10,6.74,11.00,12:34:21
10.10,6.74,11.00,12:34:21
10.10,6.74,11.00,12:34:22
10.10,6.74,11.00,12:34:22
10.10,6.74,11.00,12:34:23
10.10,6.76,11.00,12:34:23
10.10,6.74,11.00,12:34:24
10.10,6.74,11.00,12:34:24
10.10,6.76,11.00,12:34:25
10.10,6.74,11.00,12:34:25
10.10,6.74,11.00,12:34:26
10.10,6.74,11.00,12:34:26
10.10,6.74,11.00,12:34:27
10.10,6.74,11.00,12:34:27
10.10,6.76,11.00,12:34:28
10.10,6.74,11.00,12:34:28
10.10,6.74,11.00,12:34:29
10.10,6.74,11.00,12:34:29
10.10,6.74,11.00,12:34:30
10.10,6.76,11.00,12:34:30
10.10,6.76,11.00,12:34:31
10.10,6.74,11.00,12:34:31
10.10,6.74,11.00,12:34:32
10.10,6.74,11.00,12:34:32
10.10,6.74,11.00,12:34:33
10.10,6.74,11.00,12:34:33
10.10,6.74,11.00,12:34:34
10.10,6.74,11.00,12:34:34
10.10,6.74,11.00,12:34:35
10.10,6.74,11.00,12:34:35
10.10,6.74,11.00,12:34:36
10.10,6.74,11.00,12:34:36
10.10,6.74,11.00,12:34:37
10.10,6.74,11.00,12:34:37
10.10,6.74,11.00,12:34:38
10.10,6.74,11.00,12:34:38
10.10,6.74,11.00,12:34:39
10.10,6.74,11.00,12:34:39
10.10,6.74,11.00,12:34:40
10.10,6.74,11.00,12:34:40
10.10,6.74,11.00,12:34:41
10.10,6.74,11.00,12:34:41
10.10,6.74,11.00,12:34:42
10.10,6.76,11.00,12:34:42
10.10,6.76,11.00,12:34:43
10.10,6.74,11.00,12:34:43
10.10,6.74,11.00,12:34:44
10.10,6.74,11.00,12:34:44
10.10,6.74,11.00,12:34:45
10.10,6.74,11.00,12:34:45
10.10,6.74,11.00,12:34:46
10.10,6.74,11.00,12:34:46
10.10,6.74,11.00,12:34:47
10.10,6.76,11.00,12:34:47
10.10,6.74,11.00,12:34:48
10.10,6.74,11.00,12:34:48
10.10,6.74,11.00,12:34:49
10.10,6.74,11.00,12:34:49
10.10,6.74,11.00,12:34:50
10.10,6.74,11.00,12:34:50
10.10,6.76,11.00,12:34:51
10.10,6.74,11.00,12:34:51
10.10,6.74,11.00,12:34:52
10.10,6.74,11.00,12:34:52
10.10,6.74,11.00,12:34:53
10.10,6.74,11.00,12:34:53
10.10,6.74,11.00,12:34:54
10.10,6.74,11.00,12:34:54
10.10,6.74,11.00,12:34:55
10.10,6.74,11.00,12:34:55
10.10,6.76,11.00,12:34:56
10.10,6.74,11.00,12:34:56
10.10,6.74,11.00,12:34:57
10.10,6.74,11.00,12:34:57
10.10,6.74,11.00,12:34:58
10.10,6.74,11.00,12:34:58
10.10,6.74,11.00,12:34:59
10.10,6.76,11.00,12:34:59
10.10,6.76,11.00,12:35:00
10.10,6.76,11.00,12:35:00
10.10,6.76,11.00,12:35:01
10.10,6.76,11.00,12:35:01
10.10,6.74,11.00,12:35:02
10.10,6.74,11.00,12:35:02
10.10,6.74,11.00,12:35:03
10.10,6.76,11.00,12:35:03
10.10,6.74,11.00,12:35:04
10.10,6.76,11.00,12:35:04
10.10,6.74,11.00,12:35:05
10.10,6.74,11.00,12:35:05
10.10,6.74,11.00,12:35:06
10.10,6.74,11.00,12:35:06
10.10,6.74,11.00,12:35:07
10.10,6.74,11.00,12:35:07
10.10,6.74,11.00,12:35:08
10.10,6.74,11.00,12:35:08
10.10,6.76,11.00,12:35:09
10.10,6.74,11.00,12:35:09
10.10,6.74,11.00,12:35:10
10.10,6.74,11.00,12:35:10
10.10,6.74,11.00,12:35:11
10.10,6.74,11.00,12:35:11
10.10,6.74,11.00,12:35:12
10.10,6.76,11.00,12:35:12
10.10,6.74,11.00,12:35:13
10.10,6.74,11.00,12:35:13
10.10,6.74,11.00,12:35:14
10.10,6.74,11.00,12:35:14
10.10,6.74,11.00,12:35:15
10.10,6.76,11.00,12:35:15
10.10,6.74,11.00,12:35:16
10.10,6.74,11.00,12:35:16
10.10,6.74,11.00,12:35:17
10.10,6.74,11.00,12:35:17
10.10,6.74,11.00,12:35:18
10.10,6.74,11.00,12:35:18
10.10,6.74,11.00,12:35:19
10.10,6.74,11.00,12:35:19
10.10,6.74,11.00,12:35:20
10.10,6.76,11.00,12:35:20
10.10,6.76,11.00,12:35:21
10.10,6.76,11.00,12:35:21
10.10,6.76,11.00,12:35:22
10.10,6.74,11.00,12:35:22
10.10,6.74,11.00,12:35:23
10.10,6.74,11.00,12:35:23
10.10,6.74,11.00,12:35:24
10.10,6.74,11.00,12:35:24
10.10,6.76,11.00,12:35:25
10.10,6.76,11.00,12:35:25
10.10,6.74,11.00,12:35:26
10.10,6.74,11.00,12:35:26
10.10,6.74,11.00,12:35:27
10.10,6.74,11.00,12:35:27
10.10,6.76,11.00,12:35:28
10.10,6.76,11.00,12:35:28
10.10,6.74,11.00,12:35:29
10.10,6.74,11.00,12:35:29
10.10,6.74,11.00,12:35:30
10.10,6.74,11.00,12:35:30
10.10,6.74,11.00,12:35:31
10.10,6.74,11.00,12:35:31
10.10,6.74,11.00,12:35:32
10.10,6.74,11.00,12:35:32
10.10,6.74,11.00,12:35:33
10.10,6.74,11.00,12:35:33
10.10,6.74,11.00,12:35:34
10.10,6.74,11.00,12:35:34
10.10,6.74,11.00,12:35:35
10.10,6.74,11.00,12:35:35
10.10,6.74,11.00,12:35:36
10.10,6.74,11.00,12:35:36
10.10,6.74,11.00,12:35:37
10.10,6.76,11.00,12:35:37
10.10,6.76,11.00,12:35:38
10.10,6.74,11.00,12:35:38
10.10,6.74,11.00,12:35:39
10.10,6.74,11.00,12:35:39
10.10,6.74,11.00,12:35:40
10.10,6.74,11.00,12:35:40
10.10,6.74,11.00,12:35:41
10.10,6.74,11.00,12:35:41
10.10,6.74,11.00,12:35:42
10.10,6.74,11.00,12:35:42
10.10,6.74,11.00,12:35:43
10.10,6.74,11.00,12:35:43
10.10,6.74,11.00,12:35:44
10.10,6.74,11.00,12:35:44
10.10,6.76,11.00,12:35:45
10.10,6.74,11.00,12:35:45
10.10,6.74,11.00,12:35:46
10.10,6.74,11.00,12:35:46
10.10,6.74,11.00,12:35:47
10.10,6.74,11.00,12:35:47
10.10,6.74,11.00,12:35:48
10.10,6.74,11.00,12:35:48
10.10,6.74,11.00,12:35:49
10.10,6.74,11.00,12:35:49
10.10,6.76,11.00,12:35:50
10.10,6.76,11.00,12:35:50
10.10,6.76,11.00,12:35:51
10.10,6.76,11.00,12:35:51
10.10,6.76,11.00,12:35:52
10.10,6.76,11.00,12:35:52
10.10,6.76,11.00,12:35:53
10.10,6.76,11.00,12:35:53
10.10,6.76,11.00,12:35:54
10.10,6.76,11.00,12:35:54
10.10,6.76,11.00,12:35:55
10.10,6.76,11.00,12:35:55
10.10,6.76,11.00,12:35:56
10.10,6.76,11.00,12:35:56
10.10,6.76,11.00,12:35:57
10.10,6.76,11.00,12:35:57
10.10,6.76,11.00,12:35:58
10.10,6.76,11.00,12:35:58
10.10,6.74,11.00,12:35:59
10.10,6.74,11.00,12:35:59
10.10,6.74,11.00,12:36:00
10.10,6.74,11.00,12:36:00
10.10,6.74,11.00,12:36:01
10.10,6.74,11.00,12:36:01
10.10,6.74,11.00,12:36:02
10.10,6.74,11.00,12:36:02
10.10,6.74,11.00,12:36:03
10.10,6.74,11.00,12:36:03
10.10,6.74,11.00,12:36:04
10.10,6.74,11.00,12:36:04
10.10,6.74,11.00,12:36:05
10.10,6.74,11.00,12:36:05
10.10,6.76,11.00,12:36:06
10.10,6.74,11.00,12:36:06
10.10,6.74,11.00,12:36:07
10.10,6.74,11.00,12:36:07
10.10,6.74,11.00,12:36:08
10.10,6.74,11.00,12:36:08
10.10,6.74,11.00,12:36:09
10.10,6.74,11.00,12:36:09
10.10,6.74,11.00,12:36:10
10.10,6.74,11.00,12:36:10
10.10,6.74,11.00,12:36:11
10.10,6.76,11.00,12:36:11
10.10,6.74,11.00,12:36:12
10.10,6.76,11.00,12:36:12
10.10,6.74,11.00,12:36:13
10.10,6.74,11.00,12:36:13
10.10,6.74,11.00,12:36:14
10.10,6.74,11.00,12:36:14
10.10,6.74,11.00,12:36:15
10.10,6.74,11.00,12:36:15
10.10,6.76,11.00,12:36:16
10.10,6.74,11.00,12:36:16
10.10,6.74,11.00,12:36:17
10.10,6.76,11.00,12:36:17
10.10,6.74,11.00,12:36:18
10.10,6.74,11.00,12:36:18
10.10,6.74,11.00,12:36:19
10.10,6.74,11.00,12:36:19
10.10,6.74,11.00,12:36:20
10.10,6.74,11.00,12:36:20
10.10,6.74,11.00,12:36:21
10.10,6.74,11.00,12:36:21
10.10,6.74,11.00,12:36:22
10.10,6.76,11.00,12:36:22
10.10,6.74,11.00,12:36:23
10.10,6.74,11.00,12:36:23
10.10,6.74,11.00,12:36:24
10.10,6.74,11.00,12:36:24
10.10,6.74,11.00,12:36:25
10.10,6.74,11.00,12:36:25
10.10,6.74,11.00,12:36:26
10.10,6.74,11.00,12:36:26
10.10,6.74,11.00,12:36:27
10.10,6.74,11.00,12:36:27
10.10,6.74,11.00,12:36:28
10.10,6.74,11.00,12:36:28
10.10,6.74,11.00,12:36:29
10.10,6.74,11.00,12:36:29
10.10,6.76,11.00,12:36:30
10.10,6.76,11.00,12:36:30
10.10,6.74,11.00,12:36:31
10.10,6.74,11.00,12:36:31
10.10,6.74,11.00,12:36:32
10.10,6.74,11.00,12:36:32
10.10,6.74,11.00,12:36:33
10.10,6.74,11.00,12:36:33
10.10,6.76,11.00,12:36:34
10.10,6.74,11.00,12:36:34
10.10,6.74,11.00,12:36:35
10.10,6.76,11.00,12:36:35
10.10,6.74,11.00,12:36:36
10.10,6.74,11.00,12:36:36
10.10,6.74,11.00,12:36:37
10.10,6.74,11.00,12:36:37
10.10,6.76,11.00,12:36:38
10.10,6.74,11.00,12:36:38
10.10,6.76,11.00,12:36:39
10.10,6.74,11.00,12:36:39
10.10,6.76,11.00,12:36:40
10.10,6.76,11.00,12:36:40
10.10,6.76,11.00,12:36:41
10.10,6.76,11.00,12:36:41
10.10,6.76,11.00,12:36:42
10.10,6.76,11.00,12:36:42
10.10,6.76,11.00,12:36:43
10.10,6.76,11.00,12:36:43
10.10,6.76,11.00,12:36:44
10.10,6.76,11.00,12:36:44
10.10,6.76,11.00,12:36:45
10.10,6.76,11.00,12:36:45
10.10,6.76,11.00,12:36:46
10.10,6.74,11.00,12:36:46
10.10,6.74,11.00,12:36:47
10.10,6.74,11.00,12:36:47
10.10,6.74,11.00,12:36:48
10.10,6.74,11.00,12:36:48
10.10,6.74,11.00,12:36:49
10.10,6.74,11.00,12:36:49
10.10,6.74,11.00,12:36:50
10.10,6.74,11.00,12:36:50
10.10,6.74,11.00,12:36:51
10.10,6.74,11.00,12:36:51
10.10,6.74,11.00,12:36:52
10.10,6.74,11.00,12:36:52
10.10,6.74,11.00,12:36:53
10.10,6.74,11.00,12:36:53
10.10,6.74,11.00,12:36:54
10.10,6.74,11.00,12:36:54
10.10,6.74,11.00,12:36:55
10.10,6.74,11.00,12:36:55
10.10,6.74,11.00,12:36:56
10.10,6.74,11.00,12:36:56
10.10,6.76,11.00,12:36:57
10.10,6.74,11.00,12:36:57
10.10,6.76,11.00,12:36:58
10.10,6.74,11.00,12:36:58
10.10,6.74,11.00,12:36:59
10.10,6.74,11.00,12:36:59
10.10,6.74,11.00,12:37:00
10.10,6.74,11.00,12:37:00
10.10,6.76,11.00,12:37:01
10.10,6.74,11.00,12:37:01
10.10,6.74,11.00,12:37:02
10.10,6.76,11.00,12:37:02
10.10,6.76,11.00,12:37:03
10.10,6.74,11.00,12:37:03
10.10,6.74,11.00,12:37:04
10.10,6.74,11.00,12:37:04
10.10,6.74,11.00,12:37:05
10.10,6.74,11.00,12:37:05
10.10,6.74,11.00,12:37:06
10.10,6.74,11.00,12:37:06
10.10,6.74,11.00,12:37:07
10.10,6.74,11.00,12:37:07
10.10,6.74,11.00,12:37:08
10.10,6.74,11.00,12:37:08
10.10,6.74,11.00,12:37:09
10.10,6.76,11.00,12:37:09
10.10,6.74,11.00,12:37:10
10.10,6.74,11.00,12:37:10
10.10,6.74,11.00,12:37:11
10.10,6.74,11.00,12:37:11
10.10,6.74,11.00,12:37:12
10.10,6.76,11.00,12:37:12
10.10,6.74,11.00,12:37:13
10.10,6.74,11.00,12:37:13
10.10,6.74,11.00,12:37:14
10.10,6.74,11.00,12:37:14
10.10,6.74,11.00,12:37:15
10.10,6.74,11.00,12:37:15
10.10,6.76,11.00,12:37:16
10.10,6.74,11.00,12:37:16
10.10,6.74,11.00,12:37:17
10.10,6.74,11.00,12:37:17
10.10,6.74,11.00,12:37:18
10.10,6.74,11.00,12:37:18
10.10,6.74,11.00,12:37:19
10.10,6.74,11.00,12:37:19
10.10,6.74,11.00,12:37:20
10.10,6.74,11.00,12:37:20
10.10,6.74,11.00,12:37:21
10.10,6.74,11.00,12:37:21
10.10,6.74,11.00,12:37:22
10.10,6.74,11.00,12:37:22
10.10,6.74,11.00,12:37:23
10.10,6.74,11.00,12:37:23
10.10,6.74,11.00,12:37:24
10.10,6.74,11.00,12:37:24
10.10,6.74,11.00,12:37:25
10.10,6.76,11.00,12:37:25
10.10,6.74,11.00,12:37:26
10.10,6.74,11.00,12:37:26
10.10,6.74,11.00,12:37:27
10.10,6.74,11.00,12:37:27
10.10,6.74,11.00,12:37:28
10.10,6.74,11.00,12:37:28
10.10,6.74,11.00,12:37:29
10.10,6.76,11.00,12:37:29
10.10,6.74,11.00,12:37:30
10.10,6.74,11.00,12:37:30
10.10,6.76,11.00,12:37:31
10.10,6.76,11.00,12:37:31
10.10,6.76,11.00,12:37:32
10.10,6.76,11.00,12:37:32
10.10,6.76,11.00,12:37:33
10.10,6.74,11.00,12:37:33
10.10,6.74,11.00,12:37:34
10.10,6.74,11.00,12:37:34
10.10,6.74,11.00,12:37:35
10.10,6.74,11.00,12:37:35
10.10,6.74,11.00,12:37:36
10.10,6.74,11.00,12:37:36
10.10,6.74,11.00,12:37:37
10.10,6.76,11.00,12:37:37
10.10,6.74,11.00,12:37:38
10.10,6.76,11.00,12:37:38
10.10,6.74,11.00,12:37:39
10.10,6.74,11.00,12:37:39
10.10,6.74,11.00,12:37:40
10.10,6.74,11.00,12:37:40
10.10,6.74,11.00,12:37:41
10.10,6.74,11.00,12:37:41
10.10,6.74,11.00,12:37:42
10.10,6.74,11.00,12:37:42
10.10,6.74,11.00,12:37:43
10.10,6.76,11.00,12:37:43
10.10,6.74,11.00,12:37:44
10.10,6.74,11.00,12:37:44
10.10,6.74,11.00,12:37:45
10.10,6.76,11.00,12:37:45
10.10,6.74,11.00,12:37:46
10.10,6.76,11.00,12:37:46
10.10,6.74,11.00,12:37:47
10.10,6.74,11.00,12:37:47
10.10,6.74,11.00,12:37:48
10.10,6.74,11.00,12:37:48
10.10,6.74,11.00,12:37:49
10.10,6.74,11.00,12:37:49
10.10,6.74,11.00,12:37:50
10.10,6.74,11.00,12:37:50
10.10,6.74,11.00,12:37:51
10.10,6.74,11.00,12:37:51
10.10,6.74,11.00,12:37:52
10.10,6.74,11.00,12:37:52
10.10,6.74,11.00,12:37:53
10.10,6.74,11.00,12:37:53
10.10,6.74,11.00,12:37:54
10.10,6.74,11.00,12:37:54
10.10,6.74,11.00,12:37:55
10.10,6.74,11.00,12:37:55
10.10,6.74,11.00,12:37:56
10.10,6.74,11.00,12:37:56
10.10,6.76,11.00,12:37:57
10.10,6.74,11.00,12:37:57
10.10,6.74,11.00,12:37:58
10.10,6.76,11.00,12:37:58
10.10,6.74,11.00,12:37:59
10.10,6.74,11.00,12:37:59
10.10,6.74,11.00,12:38:00
10.10,6.74,11.00,12:38:00
10.10,6.74,11.00,12:38:01
10.10,6.74,11.00,12:38:01
10.10,6.76,11.00,12:38:02
10.10,6.74,11.00,12:38:02
10.10,6.74,11.00,12:38:03
10.10,6.74,11.00,12:38:03
10.10,6.74,11.00,12:38:04
10.10,6.74,11.00,12:38:04
10.10,6.74,11.00,12:38:05
10.10,6.74,11.00,12:38:05
10.10,6.74,11.00,12:38:06
10.10,6.74,11.00,12:38:06
10.10,6.74,11.00,12:38:07
10.10,6.76,11.00,12:38:07
10.10,6.74,11.00,12:38:08
10.10,6.76,11.00,12:38:08
10.10,6.74,11.00,12:38:09
10.10,6.74,11.00,12:38:09
10.10,6.74,11.00,12:38:10
10.10,6.76,11.00,12:38:10
10.10,6.76,11.00,12:38:11
10.10,6.74,11.00,12:38:11
10.10,6.74,11.00,12:38:12
10.10,6.74,11.00,12:38:12
10.10,6.74,11.00,12:38:13
10.10,6.74,11.00,12:38:13
10.10,6.74,11.00,12:38:14
10.10,6.74,11.00,12:38:14
10.10,6.74,11.00,12:38:15
10.10,6.74,11.00,12:38:15
10.10,6.74,11.00,12:38:16
10.10,6.74,11.00,12:38:16
10.10,6.74,11.00,12:38:17
10.10,6.74,11.00,12:38:17
10.10,6.74,11.00,12:38:18
10.10,6.74,11.00,12:38:18
10.10,6.74,11.00,12:38:19
10.10,6.74,11.00,12:38:19
10.10,6.76,11.00,12:38:20
10.10,6.74,11.00,12:38:20
10.10,6.74,11.00,12:38:21
10.10,6.77,11.00,12:38:21
10.10,6.76,11.00,12:38:22
10.10,6.76,11.00,12:38:22
10.10,6.76,11.00,12:38:23
10.10,6.77,11.00,12:38:23
10.10,6.76,11.00,12:38:24
10.10,6.76,11.00,12:38:24
10.10,6.76,11.00,12:38:25
10.10,6.76,11.00,12:38:25
10.10,6.76,11.00,12:38:26
10.10,6.76,11.00,12:38:26
10.10,6.76,11.00,12:38:27
10.10,6.76,11.00,12:38:27
10.10,6.76,11.00,12:38:28
10.10,6.76,11.00,12:38:28
10.10,6.76,11.00,12:38:29
10.10,6.76,11.00,12:38:29
10.10,6.76,11.00,12:38:30
10.10,6.74,11.00,12:38:30
10.10,6.74,11.00,12:38:31
10.10,6.74,11.00,12:38:31
10.10,6.76,11.00,12:38:32
10.10,6.74,11.00,12:38:32
10.10,6.74,11.00,12:38:33
10.10,6.74,11.00,12:38:33
10.10,6.74,11.00,12:38:34
10.10,6.74,11.00,12:38:34
10.10,6.74,11.00,12:38:35
10.10,6.74,11.00,12:38:35
10.10,6.74,11.00,12:38:36
10.10,6.74,11.00,12:38:36
10.10,6.74,11.00,12:38:37
10.10,6.74,11.00,12:38:37
10.10,6.74,11.00,12:38:38
10.10,6.74,11.00,12:38:38
10.10,6.74,11.00,12:38:39
10.10,6.76,11.00,12:38:39
10.10,6.74,11.00,12:38:40
10.10,6.74,11.00,12:38:40
10.10,6.74,11.00,12:38:41
10.10,6.74,11.00,12:38:41
10.10,6.74,11.00,12:38:42
10.10,6.74,11.00,12:38:42
10.10,6.74,11.00,12:38:43
10.10,6.74,11.00,12:38:43
10.10,6.74,11.00,12:38:44
10.10,6.74,11.00,12:38:44
10.10,6.74,11.00,12:38:45
10.10,6.74,11.00,12:38:45
10.10,6.74,11.00,12:38:46
10.10,6.74,11.00,12:38:46
10.10,6.76,11.00,12:38:47
10.10,6.74,11.00,12:38:47
10.10,6.74,11.00,12:38:48
10.10,6.74,11.00,12:38:48
10.10,6.76,11.00,12:38:49
10.10,6.74,11.00,12:38:49
10.10,6.74,11.00,12:38:50
10.10,6.74,11.00,12:38:50
10.10,6.76,11.00,12:38:51
10.10,6.74,11.00,12:38:51
10.10,6.74,11.00,12:38:52
10.10,6.74,11.00,12:38:52
10.10,6.74,11.00,12:38:53
10.10,6.74,11.00,12:38:53
10.10,6.74,11.00,12:38:54
10.10,6.74,11.00,12:38:54
10.10,6.74,11.00,12:38:55
10.10,6.74,11.00,12:38:55
10.10,6.74,11.00,12:38:56
10.10,6.74,11.00,12:38:56
10.10,6.74,11.00,12:38:57
10.10,6.74,11.00,12:38:57
10.10,6.74,11.00,12:38:58
10.10,6.74,11.00,12:38:58
10.10,6.74,11.00,12:38:59
10.10,6.76,11.00,12:38:59
10.10,6.74,11.00,12:39:00
10.10,6.74,11.00,12:39:00
10.10,6.74,11.00,12:39:01
10.10,6.74,11.00,12:39:01
10.10,6.74,11.00,12:39:02
10.10,6.74,11.00,12:39:02
10.10,6.74,11.00,12:39:03
10.10,6.74,11.00,12:39:03
10.10,6.74,11.00,12:39:04
10.10,6.74,11.00,12:39:04
10.10,6.76,11.00,12:39:05
10.10,6.76,11.00,12:39:05
10.10,6.74,11.00,12:39:06
10.10,6.74,11.00,12:39:06
10.10,6.76,11.00,12:39:07
10.10,6.74,11.00,12:39:07
10.10,6.74,11.00,12:39:08
10.10,6.74,11.00,12:39:08
10.10,6.74,11.00,12:39:09
10.10,6.74,11.00,12:39:09
10.10,6.74,11.00,12:39:10
10.10,6.74,11.00,12:39:10
10.10,6.76,11.00,12:39:11
10.10,6.74,11.00,12:39:11
10.10,6.76,11.00,12:39:12
10.10,6.76,11.00,12:39:12
10.10,6.76,11.00,12:39:13
10.10,6.77,11.00,12:39:13
10.10,6.76,11.00,12:39:14
10.10,6.76,11.00,12:39:14
10.10,6.77,11.00,12:39:15
10.10,6.76,11.00,12:39:15
10.10,6.76,11.00,12:39:16
10.10,6.76,11.00,12:39:16
10.10,6.76,11.00,12:39:17
10.10,6.76,11.00,12:39:17
10.10,6.74,11.00,12:39:18
10.10,6.74,11.00,12:39:18
10.10,6.74,11.00,12:39:19
10.10,6.74,11.00,12:39:19
10.10,6.74,11.00,12:39:20
10.10,6.74,11.00,12:39:20
10.10,6.74,11.00,12:39:21
10.10,6.74,11.00,12:39:21
10.10,6.74,11.00,12:39:22
10.10,6.74,11.00,12:39:22
10.10,6.74,11.00,12:39:23
10.10,6.74,11.00,12:39:23
10.10,6.74,11.00,12:39:24
10.10,6.74,11.00,12:39:24
10.10,6.74,11.00,12:39:25
10.10,6.74,11.00,12:39:25
10.10,6.74,11.00,12:39:26
10.10,6.74,11.00,12:39:26
10.10,6.76,11.00,12:39:27
10.10,6.74,11.00,12:39:27
10.10,6.74,11.00,12:39:28
10.10,6.74,11.00,12:39:28
10.10,6.74,11.00,12:39:29
10.10,6.74,11.00,12:39:29
10.10,6.74,11.00,12:39:30
10.10,6.74,11.00,12:39:30
10.10,6.74,11.00,12:39:31
10.10,6.74,11.00,12:39:31
10.10,6.76,11.00,12:39:32
10.10,6.74,11.00,12:39:32
10.10,6.74,11.00,12:39:33
10.10,6.74,11.00,12:39:33
10.10,6.74,11.00,12:39:34
10.10,6.74,11.00,12:39:34
10.10,6.74,11.00,12:39:35
10.10,6.74,11.00,12:39:35
10.10,6.74,11.00,12:39:36
10.10,6.74,11.00,12:39:36
10.10,6.74,11.00,12:39:37
10.10,6.74,11.00,12:39:37
10.10,6.74,11.00,12:39:38
10.10,6.74,11.00,12:39:38
10.10,6.76,11.00,12:39:39
10.10,6.74,11.00,12:39:39
10.10,6.74,11.00,12:39:40
10.10,6.74,11.00,12:39:40
10.10,6.74,11.00,12:39:41
10.10,6.74,11.00,12:39:41
10.10,6.74,11.00,12:39:42
10.10,6.76,11.00,12:39:42
10.10,6.74,11.00,12:39:43
10.10,6.74,11.00,12:39:43
10.10,6.74,11.00,12:39:44
10.10,6.74,11.00,12:39:44
10.10,6.74,11.00,12:39:45
10.10,6.76,11.00,12:39:45
10.10,6.74,11.00,12:39:46
10.10,6.74,11.00,12:39:46
10.10,6.74,11.00,12:39:47
10.10,6.74,11.00,12:39:47
10.10,6.74,11.00,12:39:48
10.10,6.74,11.00,12:39:48
10.10,6.76,11.00,12:39:49
10.10,6.74,11.00,12:39:49
10.10,6.74,11.00,12:39:50
10.10,6.74,11.00,12:39:50
10.10,6.74,11.00,12:39:51
10.10,6.74,11.00,12:39:51
10.10,6.74,11.00,12:39:52
10.10,6.74,11.00,12:39:52
10.10,6.74,11.00,12:39:53
10.10,6.76,11.00,12:39:53
10.10,6.74,11.00,12:39:54
10.10,6.74,11.00,12:39:54
10.10,6.74,11.00,12:39:55
10.10,6.76,11.00,12:39:55
10.10,6.74,11.00,12:39:56
10.10,6.74,11.00,12:39:56
10.10,6.74,11.00,12:39:57
10.10,6.74,11.00,12:39:57
10.10,6.74,11.00,12:39:58
10.10,6.74,11.00,12:39:58
10.10,6.74,11.00,12:39:59
10.10,6.74,11.00,12:39:59
10.10,6.74,11.00,12:40:00
10.10,6.74,11.00,12:40:00
10.10,6.74,11.00,12:40:01
10.10,6.74,11.00,12:40:01
10.10,6.74,11.00,12:40:02
10.10,6.76,11.00,12:40:02
10.10,6.76,11.00,12:40:03
10.10,6.76,11.00,12:40:03
10.10,6.76,11.00,12:40:04
10.10,6.76,11.00,12:40:04
10.10,6.77,11.00,12:40:05
10.10,6.76,11.00,12:40:05
10.10,6.74,11.00,12:40:06
10.10,6.74,11.00,12:40:06
10.10,6.74,11.00,12:40:07
10.10,6.74,11.00,12:40:07
10.10,6.74,11.00,12:40:08
10.10,6.74,11.00,12:40:08
10.10,6.74,11.00,12:40:09
10.10,6.74,11.00,12:40:09
10.10,6.74,11.00,12:40:10
10.10,6.74,11.00,12:40:10
10.10,6.74,11.00,12:40:11
10.10,6.74,11.00,12:40:11
10.10,6.74,11.00,12:40:12
10.10,6.74,11.00,12:40:12
10.10,6.74,11.00,12:40:13
10.10,6.74,11.00,12:40:13
10.10,6.74,11.00,12:40:14
10.10,6.76,11.00,12:40:14
10.10,6.74,11.00,12:40:15
10.10,6.74,11.00,12:40:15
10.10,6.74,11.00,12:40:16
10.10,6.74,11.00,12:40:16
10.10,6.76,11.00,12:40:17
10.10,6.74,11.00,12:40:17
10.10,6.76,11.00,12:40:18
10.10,6.74,11.00,12:40:18
10.10,6.76,11.00,12:40:19
10.10,6.76,11.00,12:40:19
10.10,6.74,11.00,12:40:20
10.10,6.74,11.00,12:40:20
10.10,6.74,11.00,12:40:21
10.10,6.74,11.00,12:40:21
10.10,6.76,11.00,12:40:22
10.10,6.74,11.00,12:40:22
10.10,6.74,11.00,12:40:23
10.10,6.74,11.00,12:40:23
10.10,6.76,11.00,12:40:24
10.10,6.76,11.00,12:40:24
10.10,6.74,11.00,12:40:25
10.10,6.76,11.00,12:40:25
10.10,6.74,11.00,12:40:26
10.10,6.76,11.00,12:40:26
10.10,6.74,11.00,12:40:27
10.10,6.74,11.00,12:40:27
10.10,6.76,11.00,12:40:28
10.10,6.76,11.00,12:40:28
10.10,6.76,11.00,12:40:29
10.10,6.76,11.00,12:40:29
10.10,6.74,11.00,12:40:30
10.10,6.74,11.00,12:40:30
10.10,6.74,11.00,12:40:31
10.10,6.74,11.00,12:40:31
10.10,6.74,11.00,12:40:32
10.10,6.74,11.00,12:40:32
10.10,6.74,11.00,12:40:33
10.10,6.74,11.00,12:40:33
10.10,6.74,11.00,12:40:34
10.10,6.76,11.00,12:40:34
10.10,6.74,11.00,12:40:35
10.10,6.74,11.00,12:40:35
10.10,6.74,11.00,12:40:36
10.10,6.74,11.00,12:40:36
10.10,6.74,11.00,12:40:37
10.10,6.74,11.00,12:40:37
10.10,6.74,11.00,12:40:38
10.10,6.74,11.00,12:40:38
10.10,6.74,11.00,12:40:39
10.10,6.74,11.00,12:40:39
10.10,6.76,11.00,12:40:40
10.10,6.74,11.00,12:40:40
10.10,6.74,11.00,12:40:41
10.10,6.74,11.00,12:40:41
10.10,6.74,11.00,12:40:42
10.10,6.74,11.00,12:40:42
10.10,6.76,11.00,12:40:43
10.10,6.74,11.00,12:40:43
10.10,6.74,11.00,12:40:44
10.10,6.74,11.00,12:40:44
10.10,6.74,11.00,12:40:45
10.10,6.76,11.00,12:40:45
10.10,6.74,11.00,12:40:46
10.10,6.74,11.00,12:40:46
10.10,6.74,11.00,12:40:47
10.10,6.74,11.00,12:40:47
10.10,6.74,11.00,12:40:48
10.10,6.74,11.00,12:40:48
10.10,6.74,11.00,12:40:49
10.10,6.74,11.00,12:40:49
10.10,6.74,11.00,12:40:50
10.10,6.74,11.00,12:40:50
10.10,6.76,11.00,12:40:51
10.10,6.74,11.00,12:40:51
10.10,6.74,11.00,12:40:52
10.10,6.74,11.00,12:40:52
10.10,6.76,11.00,12:40:53
10.10,6.77,11.00,12:40:53
10.10,6.77,11.00,12:40:54
10.10,6.76,11.00,12:40:54
10.10,6.76,11.00,12:40:55
10.10,6.76,11.00,12:40:55
10.10,6.76,11.00,12:40:56
10.10,6.76,11.00,12:40:56
10.10,6.76,11.00,12:40:57
10.10,6.76,11.00,12:40:57
10.10,6.77,11.00,12:40:58
10.10,6.76,11.00,12:40:58
10.10,6.76,11.00,12:40:59
10.10,6.76,11.00,12:40:59
10.10,6.76,11.00,12:41:00
10.10,6.76,11.00,12:41:00
10.10,6.77,11.00,12:41:01
10.10,6.76,11.00,12:41:01
10.10,6.76,11.00,12:41:02
10.10,6.74,11.00,12:41:02
10.10,6.74,11.00,12:41:03
10.10,6.74,11.00,12:41:03
10.10,6.74,11.00,12:41:04
10.10,6.74,11.00,12:41:04
10.10,6.74,11.00,12:41:05
10.10,6.74,11.00,12:41:05
10.10,6.74,11.00,12:41:06
10.10,6.74,11.00,12:41:06
10.10,6.74,11.00,12:41:07
10.10,6.74,11.00,12:41:07
10.10,6.74,11.00,12:41:08
10.10,6.74,11.00,12:41:08
10.10,6.74,11.00,12:41:09
10.10,6.74,11.00,12:41:09
10.10,6.74,11.00,12:41:10
10.10,6.74,11.00,12:41:10
10.10,6.76,11.00,12:41:11
10.10,6.76,11.00,12:41:11
10.10,6.74,11.00,12:41:12
10.10,6.74,11.00,12:41:12
10.10,6.74,11.00,12:41:13
10.10,6.74,11.00,12:41:13
10.10,6.74,11.00,12:41:14
10.10,6.74,11.00,12:41:14
10.10,6.74,11.00,12:41:15
10.10,6.74,11.00,12:41:15
10.10,6.74,11.00,12:41:16
10.10,6.74,11.00,12:41:16
10.10,6.74,11.00,12:41:17
10.10,6.74,11.00,12:41:17
10.10,6.74,11.00,12:41:18
10.10,6.74,11.00,12:41:18
10.10,6.74,11.00,12:41:19
10.10,6.74,11.00,12:41:19
10.10,6.76,11.00,12:41:20
10.10,6.74,11.00,12:41:20
10.10,6.76,11.00,12:41:21
10.10,6.74,11.00,12:41:21
10.10,6.74,11.00,12:41:22
10.10,6.74,11.00,12:41:22
10.10,6.74,11.00,12:41:23
10.10,6.74,11.00,12:41:23
10.10,6.74,11.00,12:41:24
10.10,6.74,11.00,12:41:24
10.10,6.74,11.00,12:41:25
10.10,6.74,11.00,12:41:25
10.10,6.76,11.00,12:41:26
10.10,6.74,11.00,12:41:26
10.10,6.76,11.00,12:41:27
10.10,6.74,11.00,12:41:27
10.10,6.74,11.00,12:41:28
10.10,6.74,11.00,12:41:28
10.10,6.74,11.00,12:41:29
10.10,6.74,11.00,12:41:29
10.10,6.76,11.00,12:41:30
10.10,6.74,11.00,12:41:30
10.10,6.74,11.00,12:41:31
10.10,6.74,11.00,12:41:31
10.10,6.74,11.00,12:41:32
10.10,6.74,11.00,12:41:32
10.10,6.74,11.00,12:41:33
10.10,6.74,11.00,12:41:33
10.10,6.74,11.00,12:41:34
10.10,6.74,11.00,12:41:34
10.10,6.74,11.00,12:41:35
10.10,6.74,11.00,12:41:35
10.10,6.74,11.00,12:41:36
10.10,6.74,11.00,12:41:36
10.10,6.74,11.00,12:41:37
10.10,6.74,11.00,12:41:37
10.10,6.74,11.00,12:41:38
10.10,6.74,11.00,12:41:38
10.10,6.74,11.00,12:41:39
10.10,6.74,11.00,12:41:39
10.10,6.74,11.00,12:41:40
10.10,6.74,11.00,12:41:40
10.10,6.76,11.00,12:41:41
10.10,6.74,11.00,12:41:41
10.10,6.74,11.00,12:41:42
10.10,6.74,11.00,12:41:42
10.10,6.74,11.00,12:41:43
10.10,6.76,11.00,12:41:43
10.10,6.76,11.00,12:41:44
10.10,6.76,11.00,12:41:44
10.10,6.76,11.00,12:41:45
10.10,6.76,11.00,12:41:45
10.10,6.76,11.00,12:41:46
10.10,6.76,11.00,12:41:46
10.10,6.76,11.00,12:41:47
10.10,6.76,11.00,12:41:47
10.10,6.76,11.00,12:41:48
10.10,6.76,11.00,12:41:48
10.10,6.76,11.00,12:41:49
10.10,6.74,11.00,12:41:49
10.10,6.74,11.00,12:41:50
10.10,6.74,11.00,12:41:50
10.10,6.74,11.00,12:41:51
10.10,6.74,11.00,12:41:51
10.10,6.76,11.00,12:41:52
10.10,6.74,11.00,12:41:52
10.10,6.74,11.00,12:41:53
10.10,6.76,11.00,12:41:53
10.10,6.76,11.00,12:41:54
10.10,6.74,11.00,12:41:54
10.10,6.74,11.00,12:41:55
10.10,6.74,11.00,12:41:55
10.10,6.74,11.00,12:41:56
10.10,6.74,11.00,12:41:56
10.10,6.74,11.00,12:41:57
10.10,6.74,11.00,12:41:57
10.10,6.74,11.00,12:41:58
10.10,6.74,11.00,12:41:58
10.10,6.74,11.00,12:41:59
10.10,6.74,11.00,12:41:59
10.10,6.74,11.00,12:42:00
10.10,6.74,11.00,12:42:00
10.10,6.76,11.00,12:42:01
10.10,6.74,11.00,12:42:01
10.10,6.74,11.00,12:42:02
10.10,6.74,11.00,12:42:02
10.10,6.74,11.00,12:42:03
10.10,6.74,11.00,12:42:03
10.10,6.74,11.00,12:42:04
10.10,6.74,11.00,12:42:04
10.10,6.74,11.00,12:42:05
10.10,6.74,11.00,12:42:05
10.10,6.74,11.00,12:42:06
10.10,6.74,11.00,12:42:06
10.10,6.74,11.00,12:42:07
10.10,6.74,11.00,12:42:07
10.10,6.74,11.00,12:42:08
10.10,6.74,11.00,12:42:08
10.10,6.74,11.00,12:42:09
10.10,6.74,11.00,12:42:09
10.10,6.74,11.00,12:42:10
10.10,6.74,11.00,12:42:10
10.10,6.74,11.00,12:42:11
10.10,6.74,11.00,12:42:11
10.10,6.74,11.00,12:42:12
10.10,6.74,11.00,12:42:12
10.10,6.74,11.00,12:42:13
10.10,6.74,11.00,12:42:13
10.10,6.76,11.00,12:42:14
10.10,6.74,11.00,12:42:14
10.10,6.76,11.00,12:42:15
10.10,6.74,11.00,12:42:15
10.10,6.74,11.00,12:42:16
10.10,6.76,11.00,12:42:16
10.10,6.74,11.00,12:42:17
10.10,6.74,11.00,12:42:17
10.10,6.74,11.00,12:42:18
10.10,6.76,11.00,12:42:18
10.10,6.76,11.00,12:42:19
10.10,6.74,11.00,12:42:19
10.10,6.74,11.00,12:42:20
10.10,6.74,11.00,12:42:20
10.10,6.74,11.00,12:42:21
10.10,6.76,11.00,12:42:21
10.10,6.74,11.00,12:42:22
10.10,6.74,11.00,12:42:22
10.10,6.74,11.00,12:42:23
10.10,6.74,11.00,12:42:23
10.10,6.74,11.00,12:42:24
10.10,6.74,11.00,12:42:24
10.10,6.74,11.00,12:42:25
10.10,6.74,11.00,12:42:25
10.10,6.74,11.00,12:42:26
10.10,6.74,11.00,12:42:26
10.10,6.74,11.00,12:42:27
10.10,6.74,11.00,12:42:27
10.10,6.74,11.00,12:42:28
10.10,6.74,11.00,12:42:28
10.10,6.74,11.00,12:42:29
10.10,6.74,11.00,12:42:29
10.10,6.74,11.00,12:42:30
10.10,6.74,11.00,12:42:30
10.10,6.74,11.00,12:42:31
10.10,6.74,11.00,12:42:31
10.10,6.74,11.00,12:42:32
10.10,6.74,11.00,12:42:32
10.10,6.74,11.00,12:42:33
10.10,6.74,11.00,12:42:33
10.10,6.76,11.00,12:42:34
10.10,6.76,11.00,12:42:34
10.10,6.76,11.00,12:42:35
10.10,6.76,11.00,12:42:35
10.10,6.76,11.00,12:42:36
10.10,6.76,11.00,12:42:36
10.10,6.76,11.00,12:42:37
10.10,6.74,11.00,12:42:37
10.10,6.76,11.00,12:42:38
10.10,6.74,11.00,12:42:38
10.10,6.74,11.00,12:42:39
10.10,6.76,11.00,12:42:39
10.10,6.74,11.00,12:42:40
10.10,6.74,11.00,12:42:40
10.10,6.74,11.00,12:42:41
10.10,6.74,11.00,12:42:41
10.10,6.74,11.00,12:42:42
10.10,6.74,11.00,12:42:42
10.10,6.74,11.00,12:42:43
10.10,6.74,11.00,12:42:43
10.10,6.74,11.00,12:42:44
10.10,6.74,11.00,12:42:44
10.10,6.74,11.00,12:42:45
10.10,6.74,11.00,12:42:45
10.10,6.74,11.00,12:42:46
10.10,6.74,11.00,12:42:46
10.10,6.74,11.00,12:42:47
10.10,6.74,11.00,12:42:47
10.10,6.74,11.00,12:42:48
10.10,6.74,11.00,12:42:48
10.10,6.74,11.00,12:42:49
10.10,6.76,11.00,12:42:49
10.10,6.74,11.00,12:42:50
10.10,6.74,11.00,12:42:50
10.10,6.74,11.00,12:42:51
10.10,6.74,11.00,12:42:51
10.10,6.74,11.00,12:42:52
10.10,6.74,11.00,12:42:52
10.10,6.74,11.00,12:42:53
10.10,6.76,11.00,12:42:53
10.10,6.74,11.00,12:42:54
10.10,6.74,11.00,12:42:54
10.10,6.74,11.00,12:42:55
10.10,6.74,11.00,12:42:55
10.10,6.74,11.00,12:42:56
10.10,6.74,11.00,12:42:56
10.10,6.74,11.00,12:42:57
10.10,6.74,11.00,12:42:57
10.10,6.74,11.00,12:42:58
10.10,6.74,11.00,12:42:58
10.10,6.74,11.00,12:42:59
10.10,6.74,11.00,12:42:59
10.10,6.74,11.00,12:43:00
10.10,6.74,11.00,12:43:00
10.10,6.74,11.00,12:43:01
10.10,6.74,11.00,12:43:01
10.10,6.74,11.00,12:43:02
10.10,6.74,11.00,12:43:02
10.10,6.74,11.00,12:43:03
10.10,6.74,11.00,12:43:03
10.10,6.74,11.00,12:43:04
10.10,6.74,11.00,12:43:04
10.10,6.74,11.00,12:43:05
10.10,6.74,11.00,12:43:05
10.10,6.74,11.00,12:43:06
10.10,6.74,11.00,12:43:06
10.10,6.74,11.00,12:43:07
10.10,6.74,11.00,12:43:07
10.10,6.74,11.00,12:43:08
10.10,6.76,11.00,12:43:08
10.10,6.74,11.00,12:43:09
10.10,6.74,11.00,12:43:09
10.10,6.74,11.00,12:43:10
10.10,6.74,11.00,12:43:10
10.10,6.74,11.00,12:43:11
10.10,6.74,11.00,12:43:11
10.10,6.74,11.00,12:43:12
10.10,6.76,11.00,12:43:12
10.10,6.74,11.00,12:43:13
10.10,6.74,11.00,12:43:13
10.10,6.74,11.00,12:43:14
10.10,6.74,11.00,12:43:14
10.10,6.74,11.00,12:43:15
10.10,6.74,11.00,12:43:15
10.10,6.74,11.00,12:43:16
10.10,6.74,11.00,12:43:16
10.10,6.74,11.00,12:43:17
10.10,6.74,11.00,12:43:17
10.10,6.74,11.00,12:43:18
10.10,6.74,11.00,12:43:18
10.10,6.74,11.00,12:43:19
10.10,6.74,11.00,12:43:19
10.10,6.74,11.00,12:43:20
10.10,6.74,11.00,12:43:20
10.10,6.74,11.00,12:43:21
10.10,6.76,11.00,12:43:21
10.10,6.74,11.00,12:43:22
10.10,6.74,11.00,12:43:22
10.10,6.74,11.00,12:43:23
10.10,6.74,11.00,12:43:23
10.10,6.74,11.00,12:43:24
10.10,6.76,11.00,12:43:24
10.10,6.74,11.00,12:43:25
10.10,6.76,11.00,12:43:25
10.10,6.76,11.00,12:43:26
10.10,6.76,11.00,12:43:26
10.10,6.76,11.00,12:43:27
10.10,6.76,11.00,12:43:27
10.10,6.76,11.00,12:43:28
10.10,6.76,11.00,12:43:28
10.10,6.76,11.00,12:43:29
10.10,6.76,11.00,12:43:29
10.10,6.76,11.00,12:43:30
10.10,6.76,11.00,12:43:30
10.10,6.76,11.00,12:43:31
10.10,6.77,11.00,12:43:31
10.10,6.76,11.00,12:43:32
10.10,6.76,11.00,12:43:32
10.10,6.76,11.00,12:43:33
10.10,6.76,11.00,12:43:33
10.10,6.74,11.00,12:43:34
10.10,6.74,11.00,12:43:34
10.10,6.74,11.00,12:43:35
10.10,6.74,11.00,12:43:35
10.10,6.74,11.00,12:43:36
10.10,6.74,11.00,12:43:36
10.10,6.74,11.00,12:43:37
10.10,6.74,11.00,12:43:37
10.10,6.74,11.00,12:43:38
10.10,6.74,11.00,12:43:38
10.10,6.74,11.00,12:43:39
10.10,6.74,11.00,12:43:39
10.10,6.76,11.00,12:43:40
10.10,6.74,11.00,12:43:40
10.10,6.74,11.00,12:43:41
10.10,6.74,11.00,12:43:41
10.10,6.74,11.00,12:43:42
10.10,6.74,11.00,12:43:42
10.10,6.74,11.00,12:43:43
10.10,6.74,11.00,12:43:43
10.10,6.74,11.00,12:43:44
10.10,6.74,11.00,12:43:44
10.10,6.74,11.00,12:43:45
10.10,6.76,11.00,12:43:45
10.10,6.74,11.00,12:43:46
10.10,6.74,11.00,12:43:46
10.10,6.74,11.00,12:43:47
10.10,6.76,11.00,12:43:47
10.10,6.74,11.00,12:43:48
10.10,6.74,11.00,12:43:48
10.10,6.74,11.00,12:43:49
10.10,6.74,11.00,12:43:49
10.10,6.74,11.00,12:43:50
10.10,6.74,11.00,12:43:50
10.10,6.76,11.00,12:43:51
10.10,6.74,11.00,12:43:51
10.10,6.74,11.00,12:43:52
10.10,6.74,11.00,12:43:52
10.10,6.74,11.00,12:43:53
10.10,6.74,11.00,12:43:53
10.10,6.74,11.00,12:43:54
10.10,6.74,11.00,12:43:54
10.10,6.74,11.00,12:43:55
10.10,6.74,11.00,12:43:55
10.10,6.74,11.00,12:43:56
10.10,6.74,11.00,12:43:56
10.10,6.74,11.00,12:43:57
10.10,6.74,11.00,12:43:57
10.10,6.74,11.00,12:43:58
10.10,6.74,11.00,12:43:58
10.10,6.74,11.00,12:43:59
10.10,6.74,11.00,12:43:59
10.10,6.74,11.00,12:44:00
10.10,6.74,11.00,12:44:00
10.10,6.74,11.00,12:44:01
10.10,6.74,11.00,12:44:01
10.10,6.74,11.00,12:44:02
10.10,6.76,11.00,12:44:02
10.10,6.74,11.00,12:44:03
10.10,6.74,11.00,12:44:03
10.10,6.74,11.00,12:44:04
10.10,6.74,11.00,12:44:04
10.10,6.74,11.00,12:44:05
10.10,6.74,11.00,12:44:05
10.10,6.74,11.00,12:44:06
10.10,6.74,11.00,12:44:06
10.10,6.74,11.00,12:44:07
10.10,6.74,11.00,12:44:07
10.10,6.74,11.00,12:44:08
10.10,6.74,11.00,12:44:08
10.10,6.74,11.00,12:44:09
10.10,6.74,11.00,12:44:09
10.10,6.74,11.00,12:44:10
10.10,6.74,11.00,12:44:10
10.10,6.74,11.00,12:44:11
10.10,6.74,11.00,12:44:11
10.10,6.76,11.00,12:44:12
10.10,6.74,11.00,12:44:12
10.10,6.74,11.00,12:44:13
10.10,6.74,11.00,12:44:13
10.10,6.74,11.00,12:44:14
10.10,6.74,11.00,12:44:14
10.10,6.76,11.00,12:44:15
10.10,6.76,11.00,12:44:15
10.10,6.76,11.00,12:44:16
10.10,6.76,11.00,12:44:16
10.10,6.76,11.00,12:44:17
10.10,6.76,11.00,12:44:17
10.10,6.76,11.00,12:44:18
10.10,6.76,11.00,12:44:18
10.10,6.76,11.00,12:44:19
10.10,6.76,11.00,12:44:19
10.10,6.76,11.00,12:44:20
10.10,6.76,11.00,12:44:20
10.10,6.76,11.00,12:44:21
10.10,6.74,11.00,12:44:21
10.10,6.74,11.00,12:44:22
10.10,6.74,11.00,12:44:22
10.10,6.74,11.00,12:44:23
10.10,6.76,11.00,12:44:23
10.10,6.74,11.00,12:44:24
10.10,6.76,11.00,12:44:24
10.10,6.74,11.00,12:44:25
10.10,6.74,11.00,12:44:25
10.10,6.74,11.00,12:44:26
10.10,6.74,11.00,12:44:26
10.10,6.74,11.00,12:44:27
10.10,6.74,11.00,12:44:27
10.10,6.74,11.00,12:44:28
10.10,6.74,11.00,12:44:28
10.10,6.74,11.00,12:44:29
10.10,6.74,11.00,12:44:29
10.10,6.74,11.00,12:44:30
10.10,6.76,11.00,12:44:30
10.10,6.74,11.00,12:44:31
10.10,6.74,11.00,12:44:31
10.10,6.76,11.00,12:44:32
10.10,6.74,11.00,12:44:32
10.10,6.74,11.00,12:44:33
10.10,6.74,11.00,12:44:33
10.10,6.76,11.00,12:44:34
10.10,6.76,11.00,12:44:34
10.10,6.74,11.00,12:44:35
10.10,6.74,11.00,12:44:35
10.10,6.74,11.00,12:44:36
10.10,6.74,11.00,12:44:36
10.10,6.74,11.00,12:44:37
10.10,6.74,11.00,12:44:37
10.10,6.74,11.00,12:44:38
10.10,6.74,11.00,12:44:38
10.10,6.74,11.00,12:44:39
10.10,6.74,11.00,12:44:39
10.10,6.74,11.00,12:44:40
10.10,6.74,11.00,12:44:40
10.10,6.74,11.00,12:44:41
10.10,6.74,11.00,12:44:41
10.10,6.74,11.00,12:44:42
10.10,6.74,11.00,12:44:42
10.10,6.74,11.00,12:44:43
10.10,6.74,11.00,12:44:43
10.10,6.74,11.00,12:44:44
10.10,6.74,11.00,12:44:44
10.10,6.74,11.00,12:44:45
10.10,6.74,11.00,12:44:45
10.10,6.74,11.00,12:44:46
10.10,6.74,11.00,12:44:46
10.10,6.74,11.00,12:44:47
10.10,6.74,11.00,12:44:47
10.10,6.76,11.00,12:44:48
10.10,6.74,11.00,12:44:48
10.10,6.74,11.00,12:44:49
10.10,6.74,11.00,12:44:49
10.10,6.76,11.00,12:44:50
10.10,6.74,11.00,12:44:50
10.10,6.74,11.00,12:44:51
10.10,6.74,11.00,12:44:51
10.10,6.74,11.00,12:44:52
10.10,6.74,11.00,12:44:52
10.10,6.74,11.00,12:44:53
10.10,6.74,11.00,12:44:53
10.10,6.76,11.00,12:44:54
10.10,6.74,11.00,12:44:54
10.10,6.76,11.00,12:44:55
10.10,6.74,11.00,12:44:55
10.10,6.74,11.00,12:44:56
10.10,6.74,11.00,12:44:56
10.10,6.76,11.00,12:44:57
10.10,6.74,11.00,12:44:57
10.10,6.74,11.00,12:44:58
10.10,6.76,11.00,12:44:58
10.10,6.74,11.00,12:44:59
10.10,6.74,11.00,12:44:59
10.10,6.76,11.00,12:45:00
10.10,6.74,11.00,12:45:00
10.10,6.74,11.00,12:45:01
10.10,6.74,11.00,12:45:01
10.10,6.74,11.00,12:45:02
10.10,6.74,11.00,12:45:02
10.10,6.74,11.00,12:45:03
10.10,6.74,11.00,12:45:03
10.10,6.74,11.00,12:45:04
10.10,6.74,11.00,12:45:04
10.10,6.74,11.00,12:45:05
